LapID,DriverEntryID,LapTime,LapStartTime,LapInSession,SessionEntryID,LapTimeLoss,PitInstanceInSession
13,1,127.0711,3207.8239,12,1,37.53450625000001,1
22,1,114.3307,4192.5259,21,1,24.79410625,2
25,2,1291.4087,5659.5178,24,1,1201.87210625,3
35,3,98.2244,1603.2862,2,2,6.159926315789463,1
39,3,93.1689,1989.813,6,2,1.1044263157894534,2
42,3,117.1631,2278.8673,9,2,25.09862631578946,3
44,3,100.723,2510.6467,11,2,8.658526315789459,4
46,3,88.6784,3366.5496,20,2,-3.386073684210544,7
49,3,97.2151,3519.9301,23,2,5.1506263157894665,8
51,3,97.017,3704.9669,25,2,4.952526315789456,9
52,3,88.7435,3793.7104,26,2,-3.320973684210543,9
54,3,94.3171,3988.4629,28,2,2.252626315789456,10
58,3,94.2701,4338.3205,32,2,2.205626315789459,11
60,3,97.5813,5599.6296,34,2,5.516826315789459,12
66,3,92.8957,6510.6222,40,2,0.8312263157894648,13
67,4,118.1593,2717.9915,13,2,26.09482631578946,5
68,4,94.2152,2812.2067,14,2,2.1507263157894556,5
71,4,104.6209,3098.2657,17,2,12.556426315789466,6
73,4,95.6336,3277.8712,19,2,3.569126315789461,7
80,5,238.9402,3041.9085,22,3,149.93223999999998,2
89,5,95.1518,3807.0069,31,3,6.143839999999983,3
97,5,104.4255,6000.7901,39,3,15.417539999999988,4
103,6,590.4535,1451.4731,6,3,501.44553999999994,1
117,6,94.4304,2657.6578,20,3,5.422439999999995,2
118,6,145.3105,2802.9683,21,3,56.30253999999998,2
120,7,93.0889,818.421,1,4,4.7839894736842155,1
125,7,92.9744,1344.5575,6,4,4.669489473684223,2
131,7,92.5257,1867.3499,12,4,4.220789473684221,3
135,7,91.7506,2741.715,16,4,3.445689473684226,4
137,7,93.7906,3800.3156,18,4,5.485689473684218,5
143,7,95.1716,4329.1483,24,4,6.866689473684218,6
146,7,104.1155,5736.8479,27,4,15.810589473684217,7
150,7,93.0953,6063.2653,31,4,4.790389473684215,8
156,8,91.1225,625.6932,1,5,-13.195478260869578,1
162,8,91.153,1176.6192,7,5,-13.164978260869574,2
167,8,97.9164,1920.9661,12,5,-6.401578260869584,3
177,8,510.893,3191.9243,22,5,406.5750217391304,4
178,8,91.6344,3283.5587,23,5,-12.68357826086958,4
187,8,91.8653,4342.6973,32,5,-12.452678260869575,5
190,8,92.2198,5615.2202,35,5,-12.098178260869574,6
197,8,92.1896,6140.6521,42,5,-12.128378260869582,7
198,9,103.4186,6244.0707,43,5,-0.8993782608695824,7
199,9,93.8838,6337.9545,44,5,-10.434178260869587,7
204,10,92.8828,569.8502,1,6,6.729097368421037,1
206,10,91.8932,752.4076,3,6,5.739497368421027,2
211,10,92.0937,1228.5376,8,6,5.939997368421032,3
215,10,86.4768,2566.5325,24,6,0.3230973684210312,6
216,10,93.2068,2659.7393,25,6,7.053097368421035,6
222,10,107.3596,3158.445,31,6,21.205897368421034,7
227,11,75.8376,1555.4992,12,6,-10.316102631578971,4
228,11,92.9501,1648.4493,13,6,6.79639736842104,4
234,11,98.672,2143.7636,19,6,12.518297368421031,5
239,11,62.4283,3559.6106,36,6,-23.725402631578966,8
240,11,91.9799,3651.5905,37,6,5.826197368421035,8
244,11,93.2104,3961.0901,41,6,7.056697368421041,9
249,11,93.5792,5647.9713,46,6,7.425497368421034,10
254,11,94.4606,6108.9357,51,6,8.306897368421033,11
260,12,91.2773,569.1565,1,7,0.7136000000000138,1
262,12,94.1182,890.9788,3,7,3.5545000000000186,2
266,12,92.5361,1253.7499,7,7,1.9724000000000217,3
272,12,92.1049,2512.061,13,7,1.5412000000000177,4
274,12,92.4406,2688.4043,15,7,1.8769000000000204,5
284,12,687.2975,4258.0084,26,7,596.7338,6
287,12,100.3441,4451.8498,29,7,9.780400000000014,7
290,12,97.1275,5844.2543,32,7,6.563800000000015,8
294,12,121.9693,6391.8443,36,7,31.40560000000002,9
295,12,97.7854,6489.6297,37,7,7.221700000000013,9
297,13,126.026,3570.7109,25,7,35.46230000000001,6
299,15,91.2319,809.3594,1,8,6.062921428571457,1
314,15,91.1487,2637.3259,16,8,5.979721428571466,2
327,16,146.6549,3795.2202,29,8,61.48592142857146,3
328,16,94.288,3889.5082,30,8,9.119021428571457,3
336,16,91.8449,5604.6528,38,8,6.675921428571456,4
364,17,93.8748,6171.9054,16,9,10.036714285714268,1
365,18,53.2543,1200.6243,7,10,-34.09118928571428,2
366,18,92.1568,1292.7811,8,10,4.8113107142857245,2
393,18,1676.7239,5924.0696,44,10,1589.3784107142856,4
394,18,119.8719,6043.9415,45,10,32.52641071428572,4
395,18,106.8037,6150.7452,46,10,19.458210714285727,4
401,19,91.9273,726.5853,1,10,4.581810714285723,1
407,19,90.848,3563.4197,35,10,3.5025107142857195,3
408,19,93.9286,3657.3483,36,10,6.5831107142857235,3
417,20,95.5849,502.583,1,11,8.6126,1
441,20,1363.2642,5789.7861,48,11,1276.2919000000002,7
442,20,93.3004,5883.0865,49,11,6.328099999999992,7
451,21,139.4717,2593.4689,25,11,52.499399999999994,2
454,21,105.047,2832.5986,28,11,18.074699999999993,3
464,21,94.517,3675.9914,38,11,7.544699999999992,4
466,21,100.2711,3813.9325,40,11,13.2988,5
468,21,111.2246,3966.7872,42,11,24.25229999999999,6
471,21,96.0391,4233.3563,45,11,9.0668,7
472,21,101.9366,4335.2929,46,11,14.964299999999994,7
473,21,91.229,4426.5219,47,11,4.256699999999995,7
482,22,93.8723,2425.365,8,12,8.159393750000007,1
488,22,94.4326,3111.9719,14,12,8.719693750000005,2
495,22,94.2723,4150.2187,21,12,8.559393750000012,3
496,23,1804.2361,5954.4548,22,12,1718.52319375,3
504,24,130.1734,2367.4884,23,13,44.97274444444443,1
512,24,96.2989,3066.3279,31,13,11.098244444444447,2
523,24,1181.9015,5601.9612,45,13,1096.7008444444443,4
530,24,95.9621,6337.5322,52,13,10.76144444444445,5
553,25,96.4231,2237.315,22,13,11.222444444444449,1
554,25,157.1973,4240.3484,42,13,71.99664444444446,3
556,25,94.4713,4420.0597,44,13,9.270644444444443,4
558,26,91.9564,501.7191,1,14,4.642708333333331,1
560,26,91.0055,646.8837,3,14,3.691808333333327,2
573,26,91.5995,2279.956,16,14,4.285808333333335,3
579,26,91.3551,2713.7815,22,14,4.041408333333322,4
583,26,97.1144,3044.2217,26,14,9.800708333333333,5
587,26,105.7605,3454.6936,30,14,18.446808333333323,6
592,27,1411.6794,5725.1726,35,14,1324.3657083333333,7
594,27,101.0161,5936.2619,37,14,13.702408333333324,8
603,28,90.8495,475.8661,1,15,5.488647368421056,1
612,28,93.5702,1203.9855,10,15,8.20934736842105,2
620,28,91.9619,1854.6391,18,15,6.6010473684210496,3
626,28,91.5444,2431.1983,24,15,6.183547368421046,4
633,29,2605.1944,5539.4886,31,15,2519.833547368421,5
634,29,91.799,5631.2876,32,15,6.438147368421056,5
640,29,91.9759,6087.438,38,15,6.615047368421045,6
643,29,92.8088,6300.8715,41,15,7.447947368421055,7
647,30,92.251,663.9571,1,16,7.120718181818162,1
665,30,101.4524,2292.2554,19,16,16.322118181818155,2
672,30,93.6997,3042.8862,26,16,8.569418181818165,3
674,30,94.9908,3217.3246,28,16,9.86051818181815,4
676,31,2198.6133,5502.1898,30,16,2113.4830181818184,5
677,31,92.217,5594.4068,31,16,7.086718181818156,5
682,31,91.9578,6139.8902,36,16,6.827518181818164,6
686,31,91.9187,6458.3823,40,16,6.788418181818159,7
688,32,54.1227,1918.7201,14,17,-33.19858620689656,4
689,32,92.4554,2011.1755,15,17,5.134113793103438,4
699,32,94.6409,2925.177,25,17,7.319613793103443,5
705,32,91.1701,3382.8935,31,17,3.848813793103446,6
715,32,91.6049,4345.929,41,17,4.2836137931034415,7
718,32,103.189,5888.749,44,17,15.867713793103434,8
719,32,95.8659,5984.6149,45,17,8.544613793103437,8
727,33,92.4108,783.5004,1,17,5.0895137931034355,1
735,33,92.5373,1546.5854,9,17,5.216013793103443,2
737,33,93.2195,1694.6687,11,17,5.898213793103437,3
742,34,99.1646,763.4299,2,18,10.190770588235281,1
743,34,123.7982,887.2281,3,18,34.82437058823528,1
748,34,102.4645,1325.4981,8,18,13.49067058823529,2
749,34,246.8855,1572.3836,9,18,157.9116705882353,2
755,35,1230.2496,3225.0156,15,18,1141.2757705882354,3
770,35,95.7971,6249.8437,30,18,6.823270588235289,4
771,35,90.4295,6340.2732,31,18,1.455670588235293,4
772,35,96.827,6437.1002,32,18,7.853170588235287,4
774,36,95.4646,1484.7147,1,19,9.761326666666676,1
783,36,94.8448,2436.2948,10,19,9.141526666666678,2
798,36,91.8185,4086.0215,25,19,6.115226666666672,3
805,37,92.5952,532.4801,2,20,2.8106363636363767,1
809,37,95.5071,933.2634,6,20,5.722536363636365,2
815,37,1056.3416,3641.6873,20,20,966.5570363636364,4
816,37,97.089,3738.7763,21,20,7.30443636363637,4
823,37,106.7864,5613.1422,28,20,17.00183636363637,5
824,37,93.8752,5707.0174,29,20,4.090636363636378,5
830,37,93.6912,6371.2311,35,20,3.906636363636366,6
833,38,598.9732,1967.8594,12,20,509.1886363636364,3
834,38,93.6017,2061.4611,13,20,3.817136363636365,3
851,39,98.2033,1469.1891,10,21,8.380200000000002,1
852,39,167.6663,3077.7113,24,21,77.84320000000001,3
859,39,97.2421,3797.8472,31,21,7.418999999999997,4
862,40,215.4708,1684.6599,11,21,125.6477,1
872,40,97.7549,2678.0356,21,21,7.93180000000001,2
874,40,103.0096,2910.045,23,21,13.18650000000001,3
875,41,141.0972,1743.7671,12,22,53.485587499999994,1
880,41,97.3388,2188.1626,17,22,9.727187500000014,2
881,41,231.1161,3470.2043,26,22,143.50448749999998,3
910,42,96.9262,1602.6699,11,22,9.314587500000002,1
911,42,435.7195,2623.8821,18,22,348.1078875,2
919,43,202.228,2268.8907,14,23,114.37139545454546,1
928,43,96.407,3233.7192,23,23,8.550395454545452,2
929,43,1387.3589,5622.7793,33,23,1299.5022954545454,3
952,44,102.3997,2066.6627,13,23,14.543095454545451,1
953,44,140.2196,3373.9388,24,23,52.36299545454547,2
961,44,100.3268,4235.4204,32,23,12.470195454545461,3
963,45,93.7364,582.0462,1,24,5.163334374999977,1
971,45,93.3262,1341.6961,9,24,4.7531343749999735,2
972,45,206.9132,3409.783,29,24,118.34013437499996,3
973,45,93.8511,3503.6341,30,24,5.278034374999976,3
978,45,94.0471,3940.7699,35,24,5.474034374999974,4
986,45,96.5234,5601.7197,43,24,7.950334374999969,5
988,45,94.7006,5806.0899,45,24,6.127534374999968,6
995,46,214.7936,1556.4897,10,24,126.22053437499997,2
996,46,95.2022,1651.6919,11,24,6.629134374999978,2
997,46,139.8068,1791.4987,12,24,51.23373437499998,2
998,46,95.3752,1886.8739,13,24,6.80213437499998,2
1014,47,138.3112,3916.6291,13,25,49.88145294117648,1
1037,48,97.2361,3778.3179,12,25,8.806352941176456,1
1039,49,94.7916,506.2934,1,26,6.323100000000011,1
1055,49,94.7274,2021.2358,17,26,6.258900000000011,2
1061,49,378.1607,2835.7032,23,26,289.6922,3
1062,49,94.4715,2930.1747,24,26,6.003000000000014,3
1065,50,736.1715,3840.841,27,26,647.7030000000001,4
1066,50,96.2396,3937.0806,28,26,7.771100000000004,4
1071,50,100.2204,4334.7641,33,26,11.751900000000006,5
1074,50,96.9247,5606.4974,36,26,8.45620000000001,6
1081,51,96.6143,1478.3257,1,27,6.13348095238095,1
1090,51,99.9146,2350.1039,10,27,9.433780952380943,2
1092,51,95.129,2480.1428,12,27,4.6481809523809545,3
1096,51,131.2079,3296.9985,21,27,40.727080952380945,5
1097,51,96.6741,3393.6726,22,27,6.193280952380945,5
1102,51,93.4435,3847.6573,27,27,2.96268095238095,6
1108,51,94.3462,6254.5915,33,27,3.8653809523809457,7
1113,52,61.5818,2809.4196,16,27,-28.89901904761905,4
1114,52,93.8359,2903.2555,17,27,3.355080952380945,4
1118,53,146.598,2366.7552,16,28,57.73005161290321,2
1119,53,99.4179,2466.1731,17,28,10.5499516129032,2
1126,53,139.1187,3999.2437,33,28,50.25075161290319,4
1127,53,94.5038,4093.7475,34,28,5.6358516129031955,4
1131,53,95.0866,4398.7638,38,28,6.2186516129032015,5
1133,53,93.6271,5763.9381,40,28,4.759151612903196,6
1140,53,95.6353,6337.3288,47,28,6.767351612903198,7
1145,54,96.9328,993.3701,1,28,8.064851612903198,1
1160,54,153.9967,3148.6563,24,28,65.1287516129032,3
1161,54,95.1635,3243.8198,25,28,6.295551612903196,3
1176,55,203.3412,3623.2469,23,29,113.39542999999999,2
1183,55,98.7501,4255.2485,30,29,8.804330000000007,3
1187,55,96.5684,6005.6479,34,29,6.622630000000001,4
1188,55,134.4108,6513.6535,37,29,44.46503,4
1190,56,342.6235,1404.5099,7,29,252.67773,1
1205,56,97.8175,3419.9057,22,29,7.8717299999999994,2
1206,57,272.1042,6277.7521,35,29,182.15843,4
1207,57,101.4906,6379.2427,36,29,11.544830000000005,4
1240,59,93.4429,425.6448,1,31,0.6545565217391243,1
1245,59,93.356,828.4631,6,31,0.5676565217391243,2
1248,59,94.0508,1068.0539,9,31,1.262456521739125,3
1253,59,109.7864,1573.5762,14,31,16.99805652173913,4
1254,59,124.7625,4112.7994,40,31,31.974156521739133,8
1256,59,94.4101,4309.2965,42,31,1.6217565217391297,9
1260,59,174.5809,5677.2199,46,31,81.79255652173914,10
1262,59,95.864,5805.0833,48,31,3.075656521739134,11
1272,60,126.4415,1700.0177,15,31,33.653156521739135,4
1273,60,97.9542,1797.9719,16,31,5.16585652173913,4
1286,60,118.4977,3034.6264,29,31,25.709356521739124,5
1293,60,94.7427,3689.6146,36,31,1.954356521739129,6
1295,60,93.946,3899.7022,38,31,1.1576565217391277,7
1303,61,97.8895,919.4541,6,32,8.573575000000005,1
1304,61,133.4612,1896.7242,16,32,44.145275,2
1314,61,98.7315,2789.2417,26,32,9.415575000000004,3
1315,61,493.5884,3857.6123,31,32,404.272475,4
1319,61,179.4948,6006.5867,39,32,90.178875,6
1323,62,131.9678,1051.4219,7,32,42.65187500000002,1
1331,62,97.6995,1763.263,15,32,8.383575000000008,2
1332,62,295.2258,3084.4675,27,32,205.909875,3
1335,62,103.0084,3364.0239,30,32,13.692475000000002,4
1336,62,161.293,4324.826,35,32,71.97707500000001,5
1341,63,96.2935,1137.4868,1,33,7.663879166666675,1
1345,63,98.4077,1819.2668,5,33,9.778079166666686,2
1353,63,93.7004,2704.2354,13,33,5.070779166666682,3
1364,63,93.5963,3683.8508,24,33,4.96667916666668,4
1370,63,94.7388,5600.8889,30,33,6.109179166666678,5
1401,65,94.9816,1248.7356,1,35,5.242509090909081,1
1416,65,94.359,5728.8591,16,35,4.619909090909076,2
1418,65,96.1864,5862.6533,18,35,6.447309090909087,3
1438,68,203.9787,1227.039,4,38,113.9026411764706,2
1439,68,96.802,1323.841,5,38,6.725941176470599,2
1442,68,95.0667,1649.3717,8,38,4.990641176470589,3
1449,68,99.8455,3565.1618,15,38,9.769441176470593,4
1458,69,94.0143,846.8484,1,38,3.938241176470598,1
1461,70,1433.7724,5617.3898,23,38,1343.6963411764707,5
1462,70,96.9875,5714.3773,24,38,6.911441176470589,5
1476,71,51.655,2544.2066,21,39,-40.73374,2
1477,71,103.1101,2647.3167,22,39,10.721360000000004,2
1489,71,102.4442,5610.4806,34,39,10.055459999999997,3
1492,71,100.6282,5863.7008,37,39,8.239460000000008,4
1500,72,124.4438,1665.6774,11,39,32.05506,1
1501,72,99.707,1765.3844,12,39,7.318259999999995,1
1511,73,99.3318,1478.3554,1,40,7.912899999999993,1
1522,73,99.6829,2986.095,12,40,8.263999999999996,2
1527,73,99.5145,3542.4666,17,40,8.09559999999999,3
1529,73,98.7543,3761.0319,19,40,7.335399999999993,4
1537,73,147.2094,6564.7619,37,40,55.79049999999998,6
1538,74,1193.2281,5589.8585,27,40,1101.8092000000001,5
1539,74,100.0392,5689.8977,28,40,8.620299999999986,5
1549,75,122.6603,708.3938,1,41,26.963490909090922,1
1552,75,102.2199,1210.6291,4,41,6.523090909090911,2
1565,75,102.2116,2585.3617,17,41,6.5147909090909195,3
1570,75,100.875,3221.4875,22,41,5.178190909090915,4
1572,75,100.6213,3344.2348,24,41,4.92449090909092,5
1581,75,100.3146,5614.0713,33,41,4.617790909090914,6
1586,76,149.0731,1480.4541,11,42,46.39500370370371,2
1587,76,100.4111,1580.8652,12,42,-2.2669962962962984,2
1596,76,100.404,2378.5794,21,42,-2.2740962962963067,3
1603,76,101.0959,5597.3808,28,42,-1.5821962962963028,4
1608,76,343.2919,6308.9773,33,42,240.6138037037037,5
1609,76,102.3617,6411.339,34,42,-0.31639629629630406,5
1613,77,100.2865,509.8809,1,42,-2.3915962962962993,1
1624,78,101.5871,1155.8781,1,43,-53.441216666666676,1
1629,78,104.3857,1581.8902,6,43,-50.64261666666668,2
1642,79,277.9983,2950.6294,19,43,122.96998333333329,3
1643,79,101.4449,3052.0743,20,43,-53.58341666666668,3
1652,79,102.1532,3838.3863,29,43,-52.875116666666685,4
1656,79,1603.592,5716.1219,33,43,1448.5636833333333,5
1657,79,100.5188,5816.6407,34,43,-54.509516666666684,5
1667,80,100.2771,585.0346,1,44,8.159770370370381,1
1675,80,148.2746,2454.3625,21,44,56.15727037037037,3
1676,80,99.9365,2554.299,22,44,7.819170370370372,3
1689,80,98.9712,3762.4588,35,44,6.853870370370373,4
1697,80,99.8288,5596.8658,43,44,7.711470370370378,5
1702,80,101.7662,6134.196,48,44,9.648870370370375,6
1708,81,65.0565,1289.3084,9,44,-27.060829629629623,2
1709,81,103.4229,1392.7313,10,44,11.305570370370376,2
1720,82,1177.8211,5522.5552,34,45,1071.9850299999998,7
1722,82,101.1032,5703.7812,36,45,-4.732869999999991,8
1730,82,99.5505,6477.1465,44,45,-6.285569999999993,9
1733,83,112.8828,1004.1114,1,45,7.046730000000011,1
1735,83,102.1556,1232.6396,3,45,-3.6804699999999855,2
1741,83,99.5403,1841.8512,9,45,-6.29576999999999,3
1743,83,359.1287,2293.9343,11,45,253.29262999999997,4
1744,83,101.3207,2395.255,12,45,-4.51536999999999,4
1749,83,99.3968,2880.7186,17,45,-6.439269999999993,5
1761,83,100.8727,3976.3541,29,45,-4.963369999999998,6
1767,84,100.9505,562.3874,1,46,8.572606250000007,1
1780,84,100.9805,2019.8108,14,46,8.602606250000008,2
1790,84,240.8977,6510.6533,34,46,148.51980625,6
1791,85,1848.8409,4692.1743,24,46,1756.46300625,3
1793,85,103.9272,5648.8798,26,46,11.54930625,4
1795,85,109.4816,5778.4798,28,46,17.103706250000002,5
1801,86,192.7594,2401.623,5,47,98.98902500000001,1
1813,86,101.5847,3758.6268,17,47,7.814325000000011,2
1814,86,110.3813,3869.0081,18,47,16.61092500000001,2
1830,87,102.382,2208.8636,4,47,8.611625000000018,1
1857,89,128.14,1179.616,7,49,35.286041935483865,2
1858,89,104.8607,1284.4767,8,49,12.006741935483873,2
1866,89,60.0915,4323.2165,39,49,-32.76245806451612,7
1867,89,104.8622,4428.0787,40,49,12.00824193548388,7
1869,90,100.3927,490.927,1,49,7.538741935483884,1
1875,90,73.4267,2004.6856,16,49,-19.427258064516124,3
1876,90,100.0325,2104.7181,17,49,7.178541935483878,3
1884,90,100.3946,3056.9928,25,49,7.540641935483876,4
1888,90,103.3174,3417.0119,29,49,10.463441935483885,5
1896,90,102.2086,4170.11,37,49,9.354641935483883,6
1898,90,1080.9446,5509.0233,41,49,988.090641935484,7
1899,90,102.9568,5611.9801,42,49,10.10284193548388,7
1910,90,99.6517,6575.5812,53,49,6.797741935483884,8
1913,91,100.4455,2317.0775,2,50,7.60124210526314,1
1921,91,172.9857,3848.6258,17,50,80.14144210526315,3
1922,91,109.1141,3957.7399,18,50,16.269842105263137,3
1927,91,159.4821,5779.6427,24,50,66.63784210526315,4
1928,91,99.8901,5879.5328,25,50,7.045842105263148,4
1931,91,101.0653,6141.452,28,50,8.221042105263138,5
1936,92,151.2406,3108.3876,10,50,58.396342105263145,2
1937,92,103.4101,3211.7977,11,50,10.565842105263144,2
1943,92,1295.8102,5620.1606,23,50,1202.9659421052631,4
1945,93,101.8012,545.3705,1,51,8.778941666666668,1
1964,93,1378.9507,5542.6312,41,51,1285.9284416666667,4
1965,93,102.4477,5645.0789,42,51,9.425441666666671,4
1974,94,148.2011,2356.543,20,51,55.17884166666667,2
1976,94,102.6878,2488.8364,22,51,9.66554166666667,3
1996,95,103.1919,854.7406,1,52,6.6502142857142985,1
1998,95,101.1693,1067.5306,3,52,4.6276142857143014,2
2007,95,100.7739,2075.0539,12,52,4.232214285714292,3
2014,95,101.3831,3188.253,19,52,4.841414285714293,4
2016,95,101.5992,3332.1396,21,52,5.057514285714291,5
2019,95,101.1128,3647.708,24,52,4.5711142857142875,6
2022,95,101.9591,5991.2298,27,52,5.417414285714301,7
2024,95,101.2674,6201.2824,29,52,4.7257142857142895,8
2026,95,100.9823,6487.1286,31,52,4.44061428571429,9
2510,148,91.8576,180.6204,1,105,6.48396000000001,1
2531,151,137.1363,175.0987,1,108,52.66617500000001,1
2532,151,91.7399,266.8386,2,108,7.26977500000001,1
2545,154,96.0971,196.2128,1,110,11.718733333333319,1
2550,154,97.7994,631.9539,6,110,13.421033333333327,2
2560,156,93.1694,160.1447,1,112,9.36385,1
2566,157,91.5464,127.2518,1,113,7.1751000000000005,1
2575,158,94.561,126.0224,1,114,9.843714285714285,1
2584,159,93.5642,115.4866,1,115,6.663150000000002,1
2596,160,94.0852,550.1407,5,116,4.79665,1
2597,161,129.5764,679.7171,6,116,40.287850000000006,1
2599,162,93.5566,437.7958,1,117,6.053466666666679,1
2604,163,93.2446,121.1661,1,118,4.087950000000006,1
2607,164,112.3782,402.4413,4,118,23.221550000000008,2
2608,164,93.426,495.8673,5,118,4.269350000000003,2
2611,165,202.6678,424.7185,3,119,113.59121999999999,2
2612,165,96.3396,521.0581,4,119,7.263019999999997,2
2616,166,93.3132,136.0801,1,119,4.236619999999988,1
2619,167,93.7228,117.0239,1,120,0.7615285714285704,1
2625,167,131.6888,674.03,7,120,38.72752857142855,2
2641,170,141.7855,383.595,3,123,42.592125000000024,1
2642,170,100.3408,483.9358,4,123,1.1474250000000126,1
2645,171,104.5992,137.422,1,123,5.405825000000007,1
2646,171,104.3875,241.8095,2,123,5.194125000000014,1
2654,172,97.2933,731.1801,7,124,8.045657142857138,1
2660,173,97.8337,589.0066,5,125,7.267224999999996,1
2670,175,94.2817,105.6634,1,127,5.470500000000001,1
2689,178,97.8456,122.1557,1,130,7.174900000000008,1
2695,179,139.7613,705.5725,7,130,49.09060000000001,2
2696,180,151.4449,174.3733,1,131,61.02373333333331,1
2698,180,95.0069,296.3988,3,131,4.585733333333323,2
2705,182,94.2653,122.232,1,132,2.8372499999999974,1
2709,183,134.4097,522.9613,5,132,42.98164999999999,2
2710,183,94.8089,617.7702,6,132,3.3808499999999952,2
2716,184,100.7391,700.803,4,133,10.928599999999989,1
2718,185,96.8504,127.136,1,134,6.81495000000001,1
2727,186,99.5206,349.266,2,135,11.0227,1
2728,187,136.2256,276.4335,2,136,44.47727499999999,1
2729,187,94.972,371.4055,3,136,3.223675,1
2734,188,94.6218,140.2079,1,136,2.873474999999999,1
2737,189,98.503,308.4618,2,137,7.792725000000004,1
2738,189,96.5266,404.9884,3,137,5.816325000000006,1
2743,190,112.1946,188.8238,1,138,19.504125000000002,1
2750,191,100.4228,119.226,1,139,7.380439999999993,1
2759,192,99.2792,178.4484,2,140,6.036625000000001,1
2767,193,107.3836,238.1727,1,141,11.734359999999995,1
2768,193,97.384,335.5567,2,141,1.7347599999999943,1
2774,194,112.3007,136.9752,1,142,20.904050000000012,1
2775,194,98.3584,235.3336,2,142,6.961750000000009,1
2780,195,100.9356,126.3481,1,143,7.33681666666665,1
2788,196,103.3884,126.003,1,144,9.304216666666676,1
2796,197,100.3291,173.6076,1,145,6.551674999999989,1
2801,198,135.4289,677.508,6,145,41.65147499999999,2
2803,199,100.6399,238.7956,1,146,6.958666666666659,1
2817,201,100.1392,141.3311,1,148,3.0146250000000094,1
2819,201,104.6146,293.4537,3,148,7.490025000000003,2
2822,202,151.3797,628.5779,6,148,54.25512500000002,3
2823,202,101.3719,729.9498,7,148,4.247325000000004,3
2825,203,104.1269,122.4233,1,149,8.829419999999999,1
2832,204,131.4152,519.6659,4,150,36.027275,2
2833,204,100.9103,620.5762,5,150,5.522375000000011,2
2836,205,125.8312,200.2389,1,150,30.443275,1
2840,206,101.3194,143.2381,1,151,5.175399999999996,1
2872,209,149.0565,2520.2175,26,154,59.032400641025646,1
2873,209,165.0958,2685.3133,27,154,75.07170064102564,1
2897,209,165.7115,5199.8803,51,154,75.68740064102565,2
2898,209,169.676,5369.5563,52,154,79.65190064102563,2
2939,209,94.4632,8992.3929,93,154,4.439100641025647,3
2940,210,135.2738,9127.6667,94,154,45.24970064102564,3
2956,210,94.5851,10486.9865,110,154,4.561000641025643,4
2957,210,126.2797,10613.2662,111,154,36.25560064102565,4
2991,210,93.8513,13478.961,145,154,3.827200641025641,5
2992,210,146.2734,13625.2344,146,154,56.249300641025656,5
3030,211,148.9551,8284.6598,84,155,58.79602206896547,2
3066,211,94.1219,11330.494,120,155,3.9628220689654796,3
3067,211,149.4883,11479.9823,121,155,59.32922206896549,3
3103,211,94.0647,14525.4221,157,155,3.905622068965485,4
3104,211,142.3144,14667.7365,158,155,52.15532206896549,4
3171,212,95.3674,4098.0155,41,155,5.2083220689654866,1
3172,212,160.1553,4258.1708,42,155,69.9962220689655,1
3213,212,94.6745,8135.7047,83,155,4.515422068965478,2
3252,213,94.3416,3839.9654,38,156,3.745305844155766,1
3253,213,156.4818,3996.4472,39,156,65.88550584415576,1
3292,213,95.1109,7712.2405,78,156,4.514605844155767,2
3293,213,150.6513,7862.8918,79,156,60.05500584415576,2
3328,213,94.0022,10826.7081,114,156,3.405905844155768,3
3329,214,149.1257,10975.8338,115,156,58.52940584415576,3
3362,214,95.2774,13773.2239,148,156,4.681105844155766,4
3363,214,145.654,13918.8779,149,156,55.05770584415576,4
3398,215,152.0017,4162.1917,41,157,62.29978397435893,1
3399,215,93.0767,4255.2684,42,157,3.374783974358934,1
3440,215,151.0097,8183.4101,83,157,61.30778397435894,2
3441,215,93.3784,8276.7885,84,157,3.6764839743589306,2
3477,216,151.8792,11381.668,120,157,62.17728397435893,3
3478,216,93.0661,11474.7341,121,157,3.3641839743589372,3
3514,216,145.7806,14586.383,157,157,56.078683974358924,4
3515,216,92.8759,14679.2589,158,157,3.173983974358933,4
3582,218,151.9156,7021.5169,69,158,60.84353379310342,3
3583,218,92.7584,7114.2753,70,158,1.686333793103401,3
3620,218,150.5068,10313.9405,107,158,59.434733793103405,4
3621,218,91.8521,10405.7926,108,158,0.7800337931033994,4
3658,218,150.5223,13595.8172,145,158,59.45023379310341,5
3659,218,93.3302,13689.1474,146,158,2.2581337931034113,5
3705,219,145.7383,979.2404,8,158,54.666233793103416,1
3706,219,93.1869,1072.4273,9,158,2.1148337931034007,1
3723,219,159.1312,2598.9277,26,158,68.05913379310341,2
3724,219,102.592,2701.5197,27,158,11.519933793103405,2
3792,220,150.8604,2531.3272,26,159,60.76873537414966,1
3793,220,144.6156,7097.887,70,159,54.52393537414966,2
3829,220,96.3135,10158.7752,106,159,6.221835374149663,3
3830,220,145.891,13677.3167,146,159,55.79933537414965,4
3868,221,167.0185,2698.3457,27,159,76.92683537414965,1
3910,221,94.7934,6953.2714,69,159,4.7017353741496635,2
3911,221,149.1003,10307.8755,107,159,59.00863537414966,3
3949,221,96.0257,13531.4257,145,159,5.9340353741496585,4
3976,222,197.5671,2571.8479,26,160,107.53622222222225,1
3977,222,117.325,2689.1729,27,160,27.294122222222242,1
4001,222,213.6853,5252.7603,51,160,123.65442222222225,2
4002,222,119.8547,5372.615,52,160,29.823822222222233,2
4033,222,148.4707,13937.6156,149,160,58.43982222222223,5
4034,222,91.501,14029.1166,150,160,1.470122222222244,5
4068,223,147.7416,8204.3931,83,160,57.710722222222245,3
4069,223,92.3609,8296.754,84,160,2.33002222222224,3
4099,223,150.5705,10903.1882,114,160,60.53962222222225,4
4100,223,91.4896,10994.6778,115,160,1.4587222222222351,4
4160,224,188.2355,2583.0165,26,161,97.25624025157235,1
4161,224,110.9061,2693.9226,27,161,19.926840251572344,1
4205,224,142.0821,7166.1271,71,161,51.102840251572346,2
4206,224,91.7768,7257.9039,72,161,0.7975402515723431,2
4229,224,130.4139,9255.3416,95,161,39.43464025157236,3
4230,224,91.0581,9346.3997,96,161,0.07884025157234476,3
4248,225,139.5545,10925.1106,114,161,48.57524025157234,4
4249,225,91.8066,11016.9172,115,161,0.8273402515723518,4
4280,225,132.7851,13696.1916,146,161,41.80584025157235,5
4281,225,90.8155,13787.0071,147,161,-0.16375974842765118,5
4344,226,148.6222,2520.5499,26,162,57.86113571428572,1
4345,226,167.7647,2688.3146,27,162,77.00363571428574,1
4369,226,166.3719,5204.714,51,162,75.61083571428574,2
4370,226,167.2039,5371.9179,52,162,76.44283571428574,2
4411,226,93.2876,8999.6352,93,162,2.5265357142857283,3
4412,226,148.359,9147.9942,94,162,57.59793571428574,3
4432,226,93.3571,10851.0101,114,162,2.5960357142857333,4
4433,227,172.7747,11023.7848,115,162,82.01363571428573,4
4469,227,95.1114,14064.4054,151,162,4.350335714285734,5
4470,227,146.1295,14210.5349,152,162,55.36843571428574,5
4528,228,154.0187,2546.7726,26,163,63.343357241379294,1
4529,228,154.1853,2700.9579,27,163,63.50995724137931,1
4553,228,164.8886,5210.5552,51,163,74.2132572413793,2
4554,228,158.1301,5368.6853,52,163,67.4547572413793,2
4594,228,96.2822,8925.3905,92,163,5.606857241379302,3
4595,229,148.7643,9074.1548,93,163,58.08895724137929,3
4611,229,95.8261,10441.996,109,163,5.150757241379296,4
4612,229,121.2596,10563.2556,110,163,30.584257241379305,4
4646,229,147.055,13531.7683,144,163,56.379657241379306,5
4685,230,159.4557,7268.0839,72,164,67.89036853146852,2
4686,230,109.4476,7377.5315,73,164,17.88226853146851,2
4722,230,94.8362,10444.1992,109,164,3.2708685314685226,3
4723,230,147.7755,10591.9747,110,164,56.21016853146851,3
4760,230,94.2258,13726.2802,147,164,2.660468531468524,4
4761,230,147.5028,13873.783,148,164,55.937468531468525,4
4822,231,150.078,2518.5921,26,164,58.51266853146852,1
4823,231,168.643,2687.2351,27,164,77.07766853146852,1
4867,231,93.4345,7108.6282,71,164,1.8691685314685174,2
4868,232,153.1011,8206.1918,83,165,63.00768367346936,2
4869,232,106.1968,8312.3886,84,165,16.103383673469352,2
4906,232,150.9094,11513.9055,121,165,60.81598367346936,3
4907,232,106.6445,11620.55,122,165,16.55108367346935,3
4944,232,142.1833,14807.621,159,165,52.08988367346936,4
4945,232,115.2235,14922.8445,160,165,25.130083673469358,4
5009,233,151.6305,4160.6537,41,165,61.53708367346937,1
5010,233,94.3822,4255.0359,42,165,4.288783673469354,1
5077,234,154.9426,2543.5264,26,166,64.5834833333333,1
5078,234,155.5449,2699.0713,27,166,65.18578333333332,1
5102,234,165.1499,5208.785,51,166,74.79078333333331,2
5103,234,159.1736,5367.9586,52,166,68.8144833333333,2
5133,234,142.8388,8136.0591,82,166,52.4796833333333,3
5158,234,95.8972,10275.3522,107,166,5.538083333333304,4
5159,235,142.0542,10417.4064,108,166,51.695083333333315,4
5198,235,94.985,13772.6824,147,166,4.625883333333306,5
5199,235,165.6348,13938.3172,148,166,75.27568333333332,5
5233,236,154.5578,8826.6586,89,167,64.30163461538463,4
5234,236,92.1476,8918.8062,90,167,1.8914346153846395,4
5271,236,153.5093,12121.3381,127,167,63.25313461538464,5
5272,236,91.6945,12213.0326,128,167,1.4383346153846475,5
5308,236,123.3519,15303.7656,164,167,33.09573461538464,6
5309,236,90.7821,15394.5477,165,167,0.5259346153846423,6
5332,237,192.8846,857.0262,6,167,102.62843461538465,1
5333,237,90.7598,947.786,7,167,0.5036346153846409,1
5352,237,273.3653,2813.3185,26,167,183.10913461538462,2
5353,237,93.0515,2906.37,27,167,2.795334615384647,2
5376,237,284.9266,5329.4448,50,167,194.67043461538464,3
5377,237,93.1947,5422.6395,51,167,2.93853461538464,3
5441,238,149.4939,2526.2,26,168,57.94349785714286,1
5442,238,166.4492,2692.6492,27,168,74.89879785714285,1
5466,238,165.681,5200.5287,51,168,74.13059785714287,2
5467,238,211.8434,5412.3721,52,168,120.29299785714286,2
5476,238,94.3052,6282.2545,61,168,2.7547978571428615,3
5477,238,184.3793,6466.6338,62,168,92.82889785714286,3
5506,238,96.4562,8921.9493,91,168,4.905797857142858,4
5507,239,272.687,9194.6363,92,168,181.13659785714287,4
5544,239,94.8637,12330.1868,129,168,3.3132978571428566,5
5545,239,172.5655,12502.7523,130,168,81.01509785714285,5
5582,239,94.9907,15633.8931,167,168,3.440297857142866,6
5583,239,134.4067,15768.2998,168,168,42.85629785714286,6
5596,240,162.3766,2694.9701,27,169,71.40960479452058,1
5620,240,166.0844,5207.2514,51,169,75.11740479452057,2
5621,240,160.2862,5367.5376,52,169,69.31920479452059,2
5661,240,95.928,8921.1525,92,169,4.961004794520576,3
5692,240,179.8714,16648.7964,178,169,88.90440479452057,5
5721,241,150.5097,2532.5935,26,169,59.54270479452059,1
5722,241,165.0446,9086.1971,93,169,74.07760479452058,3
5758,241,95.8179,12153.973,129,169,4.850904794520574,4
5759,241,147.2989,12301.2719,130,169,56.33190479452058,4
5802,242,189.3739,2574.2481,25,170,95.88851925465835,1
5803,242,127.1663,2701.4144,26,170,33.68091925465836,1
5827,242,192.8992,5254.7857,50,170,99.41381925465836,2
5828,242,130.1929,5384.9786,51,170,36.707519254658365,2
5863,242,140.2919,14159.9165,147,170,46.806519254658355,5
5864,242,94.903,14254.8195,148,170,1.4176192546583621,5
5894,243,142.2053,8661.2372,86,170,48.71991925465835,3
5895,243,94.5544,8755.7916,87,170,1.0690192546583575,3
5927,243,139.5367,11632.4231,119,170,46.05131925465835,4
5928,243,93.6541,11726.0772,120,170,0.16871925465835602,4
5955,244,194.6482,2584.8938,25,171,102.20325985401459,1
5956,244,119.809,2704.7028,26,171,27.364059854014585,1
5980,244,142.4892,8498.133,84,171,50.0442598540146,3
5981,244,94.6071,8592.7401,85,171,2.1621598540145897,3
6013,244,142.8423,11473.7034,117,171,50.39735985401458,4
6014,244,94.6047,11568.3081,118,171,2.159759854014581,4
6072,245,200.4769,5267.626,50,171,108.03195985401459,2
6073,245,120.9728,5388.5988,51,171,28.527859854014594,2
6106,245,141.9082,14536.14,151,171,49.46325985401458,5
6107,245,94.0257,14630.1657,152,171,1.5807598540145875,5
6133,246,143.3831,8755.3775,87,172,49.31722738853506,3
6134,246,94.9615,8850.339,88,172,0.895627388535047,3
6169,246,142.9628,12011.7018,123,172,48.89692738853503,4
6170,246,93.9874,12105.6892,124,172,-0.0784726114649601,4
6204,246,125.1782,15147.7186,158,172,31.11232738853505,5
6205,246,93.6235,15241.3421,159,172,-0.4423726114649469,5
6248,247,189.6108,2570.8467,25,172,95.54492738853506,1
6249,247,127.7955,2698.6422,26,172,33.72962738853505,1
6273,247,192.5256,5252.2405,50,172,98.45972738853504,2
6274,247,131.8933,5384.1338,51,172,37.82742738853506,2
6310,248,137.6752,8667.7412,86,173,43.918230357142875,3
6311,248,95.1868,8762.928,87,173,1.4298303571428903,3
6339,248,139.0951,11298.6239,115,173,45.33813035714289,4
6340,248,95.8507,11394.4746,116,173,2.0937303571428885,4
6369,248,136.3245,14009.6428,145,173,42.567530357142886,5
6370,248,94.7955,14104.4383,146,173,1.0385303571428892,5
6426,249,183.3837,2563.4126,25,173,89.62673035714289,1
6427,249,132.0953,2695.5079,26,173,38.338330357142894,1
6451,249,202.3148,5263.2068,50,173,108.55783035714288,2
6452,249,123.8488,5387.0556,51,173,30.091830357142882,2
6512,250,193.0886,2584.6209,25,174,99.46635375000002,1
6513,250,119.4798,2704.1007,26,174,25.857553750000008,1
6537,250,202.1375,5268.5954,50,174,108.51525375,2
6538,250,122.1281,5390.7235,51,174,28.505853750000014,2
6574,250,94.2064,8807.6923,87,174,0.5841537500000129,3
6596,251,143.5344,10806.3331,109,174,49.912153750000016,4
6597,251,93.9673,10900.3004,110,174,0.34505375000000527,4
6630,251,143.457,13858.5156,143,174,49.834753750000004,5
6631,251,93.7015,13952.2171,144,174,0.07925375000000656,5
6664,252,143.5714,6811.1722,65,175,49.84406202531653,2
6665,252,95.2758,6906.448,66,175,1.5484620253165247,2
6699,252,143.5263,9980.3057,100,175,49.79896202531651,3
6700,252,94.4045,10074.7102,101,175,0.6771620253165196,3
6734,252,143.5459,13143.7139,135,175,49.81856202531651,4
6735,252,94.2684,13237.9823,136,175,0.5410620253165206,4
6762,252,110.0388,15647.3588,163,175,16.311462025316516,5
6763,252,93.9757,15741.3345,164,175,0.24836202531652418,5
6802,253,192.2372,2727.8448,26,175,98.50986202531652,1
6803,253,155.5651,2883.4099,27,175,61.83776202531652,1
6866,254,146.2713,9065.1186,90,176,52.624161728394995,3
6867,254,106.7431,9171.8617,91,176,13.095961728394997,3
6901,254,182.3217,12272.9646,125,176,88.67456172839499,4
6902,254,93.5213,12366.4859,126,176,-0.12583827160500505,4
6923,254,120.7709,14258.3546,147,176,27.123761728394996,5
6924,254,94.1226,14352.4772,148,176,0.475461728395004,5
6953,255,189.0154,2577.0399,25,176,95.368261728395,1
6954,255,125.1274,2702.1673,26,176,31.480261728394993,1
6980,255,214.7456,5591.0101,52,176,121.098461728395,2
6981,255,115.3231,5706.3332,53,176,21.675961728394995,2
7018,256,150.8757,8997.0164,85,177,56.472090259740256,3
7055,256,95.3161,12140.9722,122,177,0.9124902597402667,4
7056,256,150.22,12291.1922,123,177,55.81639025974026,4
7093,256,96.5176,15457.2309,160,177,2.1139902597402624,5
7094,256,109.9052,15567.1361,161,177,15.501590259740254,5
7116,257,655.4263,1427.3358,7,177,561.0226902597402,1
7153,257,167.5902,5203.5468,44,177,73.18659025974027,2
7154,257,169.6975,5373.2443,45,177,75.29389025974025,2
7193,257,95.4312,8846.1407,84,177,1.0275902597402649,3
7194,258,145.1178,8809.6059,87,178,51.484745061728376,3
7195,258,94.9947,8904.6006,88,178,1.3616450617283817,3
7229,258,142.853,11980.8637,122,178,49.219945061728396,4
7230,258,94.7703,12075.634,123,178,1.1372450617283931,4
7264,258,127.104,15147.2021,157,178,33.470945061728386,5
7265,258,95.3652,15242.5673,158,178,1.7321450617283887,5
7283,259,185.6523,2593.8479,25,178,92.01924506172838,1
7284,259,116.548,2710.3959,26,178,22.91494506172839,1
7308,259,200.1401,5280.3108,50,178,106.50704506172838,2
7309,259,119.302,5399.6128,51,178,25.668945061728394,2
7395,261,194.6055,2591.5645,25,179,99.68225694444442,1
7396,261,117.7456,2709.3101,26,179,22.822356944444408,1
7433,261,144.0434,6628.8862,63,179,49.1201569444444,2
7434,261,94.7982,6723.6844,64,179,-0.1250430555555937,2
7466,262,143.442,9613.4888,96,179,48.51875694444442,3
7467,262,94.846,9708.3348,97,179,-0.0772430555555843,3
7500,262,143.8977,12720.3987,130,179,48.9744569444444,4
7501,262,94.3631,12814.7618,131,179,-0.5601430555555851,4
7515,262,133.7006,14100.3248,145,179,38.77735694444442,5
7516,262,94.3678,14194.6926,146,179,-0.5554430555555854,5
7571,263,144.0572,8637.0615,85,180,51.38231688311687,3
7572,263,95.4435,8732.505,86,180,2.768616883116877,3
7605,263,137.5835,14201.3718,146,180,44.90861688311686,5
7606,263,96.1716,14297.5434,147,180,3.496716883116875,5
7635,264,185.2033,2586.4271,25,180,92.52841688311689,1
7636,264,120.1785,2706.6056,26,180,27.503616883116877,1
7660,264,143.1564,11728.2752,119,180,50.48151688311687,4
7661,264,94.8794,11823.1546,120,180,2.204516883116881,4
7687,265,201.9864,5276.0916,50,180,109.31151688311688,2
7688,265,119.7441,5395.8357,51,180,27.06921688311688,2
7758,266,145.3958,8720.9344,86,181,51.570143846153854,3
7759,266,115.5305,8836.4649,87,181,21.70484384615385,3
7792,266,143.4309,11825.2523,120,181,49.605243846153854,4
7793,266,94.1623,11919.4146,121,181,0.3366438461538479,4
7825,267,170.7787,3874.7215,36,181,76.95304384615383,1
7826,267,95.5559,3970.2774,37,181,1.73024384615384,1
7841,267,197.9014,5609.9855,52,181,104.07574384615384,2
7842,267,97.3772,5707.3627,53,181,3.551543846153848,2
7875,267,139.6648,14821.5822,153,181,45.83914384615386,5
7876,267,114.9194,14936.5016,154,181,21.093743846153842,5
7898,268,200.3804,5275.6689,49,182,106.1727176870748,2
7899,268,118.6219,5394.2908,50,182,24.414217687074782,2
7933,268,143.3716,8632.4223,84,182,49.163917687074786,3
7934,268,95.0251,8727.4474,85,182,0.81741768707478,3
7967,268,147.3868,14727.241,151,182,53.17911768707478,5
7968,268,94.4121,14821.6531,152,182,0.20441768707478047,5
8025,269,148.414,3700.924,34,182,54.20631768707477,1
8026,269,111.2555,3812.1795,35,182,17.047817687074783,1
8040,269,143.8699,11722.2569,118,182,49.66221768707479,4
8041,269,95.7402,11817.9971,119,182,1.5325176870747867,4
8073,270,135.3104,9023.5696,87,183,39.33863560606059,3
8074,270,99.5508,9123.1204,88,183,3.5790356060606,3
8109,270,117.0264,12331.2434,123,183,21.0546356060606,4
8110,270,96.7378,12427.9812,124,183,0.7660356060605977,4
8121,270,130.8747,13462.6253,135,183,34.902935606060595,5
8122,270,96.592,13559.2173,136,183,0.6202356060606036,5
8183,271,173.2533,2550.9067,24,183,77.2815356060606,1
8184,271,139.0613,2689.968,25,183,43.08953560606059,1
8207,271,185.4604,5233.7777,48,183,89.4886356060606,2
8208,271,144.8416,5378.6193,49,183,48.869835606060605,2
8272,272,199.7495,2572.9108,26,184,105.66322537313432,1
8273,272,119.0358,2691.9466,27,184,24.949525373134307,1
8297,272,211.425,5248.8191,51,184,117.33872537313432,2
8298,272,121.4842,5370.3033,52,184,27.397925373134314,2
8337,273,151.7996,8879.0427,91,184,57.71332537313431,3
8338,273,92.9535,8971.9962,92,184,-1.1327746268656824,3
8374,273,147.6396,12107.7334,128,184,53.553325373134314,4
8375,273,93.4829,12201.2163,129,184,-0.603374626865687,4
8390,273,465.635,14411.9284,144,184,371.5487253731343,5
8391,273,107.6327,14519.5611,145,184,13.546425373134312,5
8419,274,133.4399,7095.1579,66,185,36.150108333333264,2
8420,274,99.5574,7194.7153,67,185,2.2676083333332713,2
8454,274,132.0573,10328.2041,101,185,34.76750833333327,3
8455,274,100.357,10428.5611,102,185,3.0672083333332694,3
8489,274,131.9636,13560.894,136,185,34.673808333333284,4
8490,274,96.3667,13657.2607,137,185,-0.9230916666667355,4
8550,275,174.036,2544.6579,24,185,76.74620833333327,1
8551,275,144.2096,2688.8675,25,185,46.919808333333265,1
8592,276,145.0758,8851.6169,85,186,47.803103472222205,3
8593,276,100.2153,8951.8322,86,186,2.942603472222217,3
8627,276,132.3922,12102.1295,120,186,35.11950347222222,4
8628,276,96.7273,12198.8568,121,186,-0.5453965277777826,4
8649,276,122.249,14151.3129,142,186,24.976303472222213,5
8650,276,97.8887,14249.2016,143,186,0.6160034722222179,5
8703,277,150.104,2550.304,24,186,52.83130347222223,1
8704,277,175.2837,2725.5877,25,186,78.01100347222223,1
8705,277,156.5496,2882.1373,26,186,59.276903472222216,1
8727,277,186.1054,5242.3958,48,186,88.83270347222222,2
8728,277,138.2587,5380.6545,49,186,40.98600347222222,2
8788,278,158.0853,2541.1025,24,187,60.502152380952325,1
8789,278,155.3653,2696.4678,25,187,57.782152380952326,1
8830,278,101.374,7075.7145,66,187,3.7908523809523302,2
8831,278,131.3681,7207.0826,67,187,33.78495238095233,2
8864,278,102.1568,10254.8859,100,187,4.573652380952339,3
8865,279,134.0391,10388.925,101,187,36.455952380952326,3
8900,279,101.1278,13601.5426,136,187,3.5446523809523285,4
8901,279,128.0581,13729.6007,137,187,30.47495238095233,4
8960,280,152.5534,2539.663,24,188,55.62377074829932,1
8961,280,154.5601,2694.2231,25,188,57.63047074829932,1
8985,280,159.5281,5371.3009,49,188,62.598470748299306,2
8986,280,198.5054,5569.8063,50,188,101.57577074829932,2
9023,280,101.1995,9009.9264,87,188,4.2698707482993115,3
9024,281,150.6045,9160.5309,88,188,53.67487074829931,3
9041,281,101.9476,10736.7605,105,188,5.017970748299305,4
9042,281,127.277,10864.0375,106,188,30.347370748299312,4
9071,281,101.864,13536.2087,135,188,4.934370748299315,5
9072,281,124.8274,13661.0361,136,188,27.89777074829931,5
9131,282,173.9135,2553.0121,24,189,76.74197499999998,1
9132,282,137.6971,2690.7092,25,189,40.52557499999999,1
9155,282,192.9213,5242.8344,48,189,95.74977499999999,2
9156,282,139.5042,5382.3386,49,189,42.33267499999998,2
9191,282,132.9553,8771.6415,84,189,35.78377499999998,3
9192,282,97.1231,8868.7646,85,189,-0.04842500000002303,3
9218,283,135.99,11297.6838,111,189,38.81847499999999,4
9219,283,115.2006,11412.8844,112,189,18.029074999999978,4
9254,283,126.5397,14656.8328,147,189,29.36817499999998,5
9255,283,97.8803,14754.7131,148,189,0.7087749999999886,5
9278,284,138.6755,8989.5204,86,190,40.65980724637677,3
9313,284,102.4986,12233.358,121,190,4.482907246376769,4
9314,284,135.2872,12368.6452,122,190,37.271507246376785,4
9348,284,101.9301,15507.6449,156,190,3.9144072463767685,5
9349,284,126.7808,15634.4257,157,190,28.765107246376772,5
9387,285,151.1811,2549.0891,24,190,53.16540724637676,1
9388,285,150.4953,2699.5844,25,190,52.47960724637676,1
9411,285,165.0265,5222.0828,48,190,67.01080724637677,2
9412,285,159.4592,5381.542,49,190,61.44350724637678,2
9448,285,102.4341,8850.8449,85,190,4.418407246376773,3
9449,286,152.7116,8911.8264,85,191,54.43557573529414,3
9484,286,102.8526,12165.4945,120,191,4.576575735294128,4
9485,286,135.801,12301.2955,121,191,37.52497573529412,4
9520,286,103.8308,15551.4786,156,191,5.554775735294129,5
9521,286,149.0984,15700.577,157,191,50.82237573529413,5
9558,287,151.1053,2534.7708,24,191,52.82927573529413,1
9559,287,157.91,2692.6808,25,191,59.63397573529413,1
9582,287,165.4838,5217.6656,48,191,67.20777573529413,2
9583,287,165.5005,5383.1661,49,191,67.22447573529412,2
9618,287,101.1274,8759.1148,84,191,2.851375735294127,3
9643,288,143.8301,2553.9906,24,192,44.4454179856115,1
9644,288,149.0914,2703.082,25,192,49.706717985611505,1
9682,288,107.2242,6822.2816,63,192,7.839517985611508,2
9683,288,144.89,6967.1716,64,192,45.5053179856115,2
9717,288,102.3405,10141.0996,98,192,2.9558179856115174,3
9718,289,136.6853,10277.7849,99,192,37.300617985611524,3
9751,289,102.965,13367.3339,132,192,3.580317985611515,4
9752,289,134.4454,13501.7793,133,192,35.06071798561152,4
9777,289,102.652,15868.5229,158,192,3.2673179856115127,5
9778,289,138.2951,16006.818,159,192,38.9104179856115,5
9812,290,216.2579,2621.1046,25,193,120.17280923076923,1
9813,290,96.6151,2717.7197,26,193,0.5300092307692239,1
9837,290,150.3406,11938.9231,121,193,54.25550923076922,4
9838,290,112.076,12050.9991,122,193,15.990909230769219,4
9862,290,301.1191,14439.5947,146,193,205.03400923076924,5
9863,290,96.3895,14535.9842,147,193,0.3044092307692239,5
9881,291,201.6385,5274.6199,50,193,105.55340923076922,2
9882,291,118.6574,5393.2773,51,193,22.57230923076922,2
9917,291,181.2167,8740.7936,86,193,85.13160923076923,3
9918,291,95.0979,8835.8915,87,193,-0.9871907692307786,3
9976,292,154.6767,9093.273,87,194,58.0844955882353,3
9977,292,101.1337,9194.4067,88,194,4.541495588235293,3
10013,292,133.7366,12527.2094,124,194,37.1443955882353,4
10014,292,100.4244,12627.6338,125,194,3.832195588235294,4
10044,292,99.0431,15999.4953,155,194,2.4508955882352836,5
10054,293,198.9339,2585.3939,24,194,102.34169558823528,1
10055,293,120.1538,2705.5477,25,194,23.561595588235292,1
10080,293,201.6555,5574.6397,50,194,105.06329558823528,2
10081,293,131.9274,5706.5671,51,194,35.335195588235294,2
10141,294,197.0673,2569.6388,24,195,99.28255075757572,1
10142,294,127.4314,2697.0702,25,195,29.646650757575728,1
10146,294,114.4287,3993.2448,29,195,16.643950757575737,2
10186,294,133.4608,8111.656,69,195,35.67605075757574,3
10187,294,97.0599,8208.7159,70,195,-0.7248492424242698,3
10217,295,133.7494,10989.8828,100,195,35.96465075757574,4
10218,295,101.4151,11091.2979,101,195,3.6303507575757266,4
10253,295,129.2958,14336.7464,136,195,31.511050757575745,5
10254,295,98.5761,14435.3225,137,195,0.7913507575757279,5
10281,296,884.8962,8428.9388,71,196,785.8827372262774,3
10315,296,101.4768,11588.4985,105,196,2.4633372262773463,4
10316,296,130.4068,11718.9053,106,196,31.393337226277353,4
10338,296,100.9417,13760.5672,128,196,1.9282372262773464,5
10339,296,141.8712,13902.4384,129,196,42.85773722627734,5
10395,297,153.9492,2543.5256,24,196,54.93573722627734,1
10396,297,154.4572,2697.9828,25,196,55.44373722627735,1
10436,297,101.2652,7004.221,65,196,2.251737226277342,2
10437,297,129.8922,7134.1132,66,196,30.87873722627735,2
10468,298,198.8615,2572.4928,26,197,101.81466075949368,1
10469,298,118.1606,2690.6534,27,197,21.113760759493672,1
10508,299,150.7085,6761.4797,66,197,53.66166075949366,2
10509,299,93.0129,6854.4926,67,197,-4.033939240506328,2
10545,299,154.2943,10009.869,103,197,57.24746075949366,3
10546,299,92.5217,10102.3907,104,197,-4.525139240506334,3
10579,300,178.2974,2554.6113,24,198,75.80613108108112,1
10580,300,137.2196,2691.8309,25,198,34.72833108108112,1
10603,300,185.7447,5237.1103,48,198,83.2534310810811,2
10604,300,142.9877,5380.098,49,198,40.4964310810811,2
10610,301,207.0082,7614.2024,59,198,104.5169310810811,4
10611,301,102.9886,7717.191,60,198,0.49733108108111423,4
10646,302,1145.6731,7119.0726,55,198,1043.181831081081,3
10647,302,101.133,7220.2056,56,198,-1.3582689189188955,3
10650,303,145.1461,3943.2898,37,199,45.35298593750002,1
10651,303,94.4609,4037.7507,38,199,-5.332214062499972,1
10751,305,108.3057,2711.6391,26,200,10.218760714285736,1
10775,306,201.6805,5273.6068,50,200,103.59356071428573,2
10776,306,118.031,5391.6378,51,200,19.94406071428574,2
10814,307,198.3084,2603.8671,25,201,94.63996666666668,1
10815,307,120.4902,2724.3573,26,201,16.821766666666676,1
10816,307,156.5469,2880.9042,27,201,52.87846666666667,1
10839,307,200.4585,5276.6081,50,201,96.79006666666666,2
10840,307,120.8451,5397.4532,51,201,17.176666666666677,2
10873,308,151.0464,2696.1016,25,202,48.73700625000001,1
10874,308,188.2204,2884.322,26,202,85.91100625000001,1
10917,309,195.4112,2587.4653,25,203,97.02435405405407,1
10918,309,120.2446,2707.7099,26,203,21.85775405405407,1
